{
    "gyro.x": {
        "time": [
            465832,
            465842,
            465852,
            465862,
            465872,
            465882,
            465892,
            465902,
            465912,
            465922,
            465932,
            465942,
            465952,
            465962,
            465972,
            465982,
            465992,
            466002,
            466012,
            466022,
            466032,
            466042,
            466052,
            466062,
            466072,
            466082,
            466092,
            466102,
            466112,
            466122,
            466132,
            466142,
            466152,
            466162,
            466172,
            466182,
            466192,
            466202,
            466212,
            466222,
            466232,
            466242,
            466252,
            466262,
            466272,
            466282,
            466292,
            466302,
            466312,
            466322,
            466332,
            466342,
            466352,
            466362,
            466372,
            466382,
            466392,
            466402,
            466412,
            466422,
            466432,
            466442,
            466452,
            466462,
            466472,
            466482,
            466492,
            466502,
            466512,
            466522,
            466532,
            466542,
            466552,
            466562,
            466572,
            466582,
            466592,
            466602,
            466612,
            466622,
            466632,
            466642,
            466652,
            466662,
            466672,
            466682,
            466692,
            466702,
            466712,
            466722,
            466732,
            466742,
            466752,
            466762,
            466772,
            466782,
            466792,
            466802,
            466812,
            466822,
            466832,
            466842,
            466852,
            466862,
            466872,
            466882,
            466892,
            466902
        ],
        "data": [
            247.73025512695312,
            291.4472961425781,
            329.4954528808594,
            360.5321044921875,
            384.4176940917969,
            399.9189758300781,
            406.4032287597656,
            404.23779296875,
            393.8978576660156,
            375.1820373535156,
            348.9942321777344,
            316.170166015625,
            276.6997375488281,
            231.54849243164062,
            181.52658081054688,
            128.5043182373047,
            72.68362426757812,
            15.78371810913086,
            -41.566993713378906,
            -97.86566162109375,
            -152.13406372070312,
            -203.28933715820312,
            -251.32009887695312,
            -293.9146728515625,
            -330.3531494140625,
            -359.9519348144531,
            -382.638671875,
            -397.3836364746094,
            -403.5545654296875,
            -400.5587463378906,
            -390.0118713378906,
            -370.4532470703125,
            -343.7177429199219,
            -310.135986328125,
            -269.85791015625,
            -224.39881896972656,
            -173.79798889160156,
            -120.51231384277344,
            -65.2243423461914,
            -8.367938041687012,
            48.44847869873047,
            104.34883880615234,
            158.11900329589844,
            209.36398315429688,
            256.364501953125,
            297.7580871582031,
            333.41119384765625,
            362.0880126953125,
            382.9690856933594,
            395.6636962890625,
            400.70550537109375,
            396.87750244140625,
            383.8925476074219,
            364.18267822265625,
            335.9967041015625,
            301.42864990234375,
            261.4286193847656,
            215.20252990722656,
            164.80345153808594,
            112.10273742675781,
            56.83683776855469,
            0.5085444450378418,
            -55.94102096557617,
            -111.33525848388672,
            -164.5074005126953,
            -214.1197967529297,
            -259.8056640625,
            -300.51617431640625,
            -334.5325012207031,
            -362.2017822265625,
            -381.7989807128906,
            -394.39813232421875,
            -396.9459533691406,
            -392.3265380859375,
            -380.20953369140625,
            -359.3904113769531,
            -329.7773132324219,
            -294.9462890625,
            -249.64320373535156,
            -207.16290283203125,
            -156.75584411621094,
            -102.96489715576172,
            -47.870513916015625,
            8.046125411987305,
            63.98828887939453,
            118.86813354492188,
            176.61068725585938,
            225.87640380859375,
            265.4430847167969,
            308.2423400878906,
            340.640380859375,
            366.4671325683594,
            382.7564697265625,
            393.4662780761719,
            395.09136962890625,
            387.5420227050781,
            371.6609191894531,
            349.0783996582031,
            319.13482666015625,
            282.71197509765625,
            239.67327880859375,
            192.8419952392578,
            142.59317016601562,
            89.31182098388672,
            33.772098541259766,
            -22.4439697265625,
            -78.15289306640625,
            -131.42498779296875
        ]
    },