{
    "gyro.x": {
        "time": [
            342112,
            342122,
            342132,
            342142,
            342152,
            342162,
            342172,
            342182,
            342192,
            342202,
            342212,
            342222,
            342232,
            342242,
            342252,
            342262,
            342272,
            342282,
            342292,
            342302,
            342312,
            342322,
            342332,
            342342,
            342352,
            342362,
            342372,
            342382,
            342392,
            342402,
            342412,
            342422,
            342432,
            342442,
            342452,
            342462,
            342472,
            342482,
            342492,
            342502,
            342512,
            342522,
            342532,
            342542,
            342552,
            342562,
            342572,
            342582,
            342592,
            342602,
            342612,
            342622,
            342632,
            342642,
            342652,
            342662,
            342672,
            342682,
            342692,
            342702,
            342712,
            342722,
            342732,
            342742,
            342752,
            342762,
            342772,
            342782,
            342792,
            342802,
            342812,
            342822,
            342832,
            342842,
            342852,
            342862,
            342872,
            342882,
            342892,
            342902,
            342912,
            342922,
            342932,
            342942,
            342952,
            342962,
            342972,
            342982,
            342992,
            343002,
            343012,
            343022,
            343032,
            343042,
            343052,
            343062,
            343072,
            343082,
            343092,
            343102,
            343112,
            343122,
            343132,
            343142,
            343152,
            343162,
            343172,
            343182,
            343192,
            343202,
            343212,
            343222,
            343232
        ],
        "data": [
            0.1374524086713791,
            0.03423631936311722,
            0.23359359800815582,
            0.3533022999763489,
            0.5140490531921387,
            0.17417111992835999,
            0.19188061356544495,
            -0.31671589612960815,
            -0.4495680630207062,
            -0.5468958616256714,
            -0.4325050413608551,
            -0.08017189055681229,
            0.15314596891403198,
            0.1744350641965866,
            0.019176185131072998,
            0.008746511302888393,
            -0.0008620853768661618,
            -0.15309935808181763,
            -0.0373954251408577,
            -0.22479696571826935,
            -0.11333436518907547,
            -0.25403496623039246,
            -0.5552822947502136,
            -0.4356048107147217,
            -0.03094947151839733,
            0.19803614914417267,
            0.3599853217601776,
            0.5354242920875549,
            0.16237695515155792,
            -0.4790002703666687,
            -0.5274339318275452,
            -0.6705291271209717,
            -0.43074116110801697,
            0.06291530281305313,
            0.511940598487854,
            0.9463745355606079,
            0.6508497595787048,
            0.5295465588569641,
            0.21083462238311768,
            -0.09806229919195175,
            0.29697734117507935,
            0.8384765982627869,
            1.078661322593689,
            1.1003512144088745,
            0.5525217652320862,
            0.5828287601470947,
            0.5311176776885986,
            0.24533703923225403,
            0.13275191187858582,
            -0.04110678657889366,
            0.21942558884620667,
            0.3189329206943512,
            0.47704505920410156,
            0.42651501297950745,
            -0.20376141369342804,
            -0.1344684660434723,
            -0.43046146631240845,
            -0.5130430459976196,
            -0.3051903247833252,
            0.015225445851683617,
            -0.08902627229690552,
            -0.038628850132226944,
            -0.749484121799469,
            -0.9454451203346252,
            -1.051137924194336,
            -0.6363763213157654,
            -0.24924609065055847,
            0.0035989214666187763,
            0.1591217815876007,
            -0.48833775520324707,
            -1.0983635187149048,
            -0.4275742173194885,
            -0.1310650259256363,
            -0.1364803910255432,
            0.22562068700790405,
            0.24083498120307922,
            0.00868191197514534,
            -0.12275905907154083,
            -0.47507530450820923,
            -0.856952965259552,
            -0.6692328453063965,
            -0.03262156620621681,
            0.21188046038150787,
            0.9674917459487915,
            0.8151885867118835,
            0.5646924376487732,
            0.38661178946495056,
            0.50877445936203,
            0.1151810809969902,
            -0.010998868383467197,
            0.19608435034751892,
            0.39435306191444397,
            0.5407487154006958,
            1.3174622058868408,
            1.2816314697265625,
            1.1597959995269775,
            0.861733615398407,
            0.14320309460163116,
            -0.8060814142227173,
            -1.1439852714538574,
            -1.2161602973937988,
            -1.226768136024475,
            -0.2239300161600113,
            0.04926008731126785,
            0.003091752529144287,
            0.0230142530053854,
            -0.3846895396709442,
            -0.561931848526001,
            -0.6727703213691711,
            -0.7218455076217651,
            -0.8045929074287415,
            -0.8971181511878967,
            -0.8358110189437866
        ]
    },